<?xml version="1.0" encoding="UTF-8"?>
<project-private xmlns="http://www.netbeans.org/ns/project-private/1">
    <editor-bookmarks xmlns="http://www.netbeans.org/ns/editor-bookmarks/2" lastBookmarkId="0"/>
    <open-files xmlns="http://www.netbeans.org/ns/projectui-open-files/2">
        <group>
            <file>file:/C:/Users/panag/Dropbox/Java%20CodeCamp/JavaBootcamp/NetbeansProjects/IndProjectA/src/WorkingClasses/Menus.java</file>
            <file>file:/C:/Users/panag/Dropbox/Java%20CodeCamp/JavaBootcamp/NetbeansProjects/IndProjectA/src/WorkingClasses/Printers.java</file>
            <file>file:/C:/Users/panag/Dropbox/Java%20CodeCamp/JavaBootcamp/NetbeansProjects/IndProjectA/src/WorkingClasses/Inputs.java</file>
            <file>file:/C:/Users/panag/Dropbox/Java%20CodeCamp/JavaBootcamp/NetbeansProjects/IndProjectA/src/WorkingClasses/Creators.java</file>
        </group>
    </open-files>
</project-private>
